Customer_ID,Employee_ID,Street_ID,Order_Placed,Order_Delivered,Order_ID,Order_Type,Product_ID,Quantity_Ordered,Retail_Price,Cost_Price
63,121039,9260125492,2007/01/11,2007/01/11,1230058123,1,2.20101E+11,1,16.5,7.45
5,99999999,9260114570,2007/01/15,2007/01/19,1230080101,2,2.30101E+11,1,247.5,109.55
45,99999999,9260104847,2007/01/20,2007/01/22,1230106883,2,2.406E+11,1,28.3,8.55
41,120174,1600101527,2007/01/28,2007/01/28,1230147441,1,2.406E+11,2,32,6.5
183,120134,1600100760,2007/02/27,2007/02/27,1230315085,1,2.402E+11,3,63.6,8.8
79,99999999,9260101874,2007/03/02,2007/03/03,1230333319,2,2.401E+11,1,234.6,115.95
23,99999999,9260126679,2007/03/03,2007/03/08,1230338566,2,2.408E+11,1,35.4,16.15
23,99999999,9260126679,2007/03/03,2007/03/08,1230338566,2,2.408E+11,2,73.8,16.85
45,99999999,9260104847,2007/03/09,2007/03/11,1230371142,2,2.405E+11,2,127,28
45,99999999,9260104847,2007/03/09,2007/03/11,1230371142,2,2.405E+11,1,23.2,11.1
56,121059,9260111871,2007/03/15,2007/03/15,1230404278,1,2.202E+11,2,75,17.05
183,120149,1600100760,2007/03/22,2007/03/22,1230440481,1,2.30101E+11,1,129.8,63.2
16,99999999,3940105865,2007/03/24,2007/03/26,1230450371,2,2.30101E+11,2,128.4,32.2
79,99999999,9260101874,2007/03/24,2007/03/25,1230453723,2,2.405E+11,1,24.1,11.55
183,120134,1600100760,2007/03/25,2007/03/25,1230455630,1,2.402E+11,2,91.8,22.45
2788,99999999,9050100001,2007/03/28,2007/03/30,1230478006,2,2.301E+11,2,60.6,13.15
20,121066,9260118934,2007/04/01,2007/04/01,1230498538,1,2.301E+11,1,68.5,34.35
70046,99999999,2600100017,2007/04/02,2007/04/03,1230500669,3,2.402E+11,2,148.6,41.35
12386,99999999,4750100001,2007/04/02,2007/04/03,1230503155,2,2.20101E+11,1,31.8,14.2
23,99999999,9260126679,2007/04/18,2007/04/23,1230591673,2,2.202E+11,3,178.5,32.25
36,99999999,9260128237,2007/04/18,2007/04/20,1230591675,3,2.405E+11,1,34.5,15.4
79,121045,9260101874,2007/04/18,2007/04/18,1230591684,1,2.402E+11,4,"1,796.00",246.55
61,99999999,3940108887,2007/04/24,2007/04/29,1230619748,2,2.202E+11,1,83,41.6
61,99999999,3940108887,2007/04/24,2007/04/29,1230619748,2,2.202E+11,3,345,52.35
13,99999999,3940105189,2007/04/28,2007/05/03,1230642273,2,2.30101E+11,1,126.1,58.6
171,99999999,1600101555,2007/05/01,2007/05/04,1230657844,3,2.401E+11,1,109.9,46.8
11171,99999999,2600100032,2007/05/07,2007/05/09,1230690733,3,2.402E+11,2,282.4,69.4
14703,99999999,4750100002,2007/05/08,2007/05/11,1230699509,2,2.201E+11,1,102.1,48.65
14703,99999999,4750100002,2007/05/08,2007/05/11,1230699509,2,2.201E+11,1,81.3,40.75
79,99999999,9260101874,2007/05/08,2007/05/09,1230700421,2,2.301E+11,1,176,74.55
79,99999999,9260101874,2007/05/08,2007/05/09,1230700421,2,2.30101E+11,2,2.6,0.6
79,99999999,9260101874,2007/05/08,2007/05/09,1230700421,2,2.30101E+11,2,3.4,0.8
928,99999999,9050100016,2007/05/15,2007/05/19,1230738723,2,2.30101E+11,2,237.2,59.4
19444,99999999,4750100001,2007/05/16,2007/05/21,1230744524,2,2.20101E+11,1,99.7,47.45
19444,99999999,4750100001,2007/05/16,2007/05/21,1230744524,2,2.20101E+11,1,17.7,8
71,121060,9260124130,2007/05/16,2007/05/16,1230745294,1,2.202E+11,1,134.5,67.35
12,121039,9260103713,2007/05/18,2007/05/18,1230754828,1,2.201E+11,3,68.4,11.5
12,121039,9260103713,2007/05/18,2007/05/18,1230754828,1,2.20101E+11,4,268,29.8
544,99999999,9050100008,2007/05/21,2007/05/22,1230771337,2,2.30101E+11,3,221.7,33.25
111,120148,1600102072,2007/05/23,2007/05/23,1230778996,1,2.30101E+11,1,35.5,17.25
88,99999999,9260100179,2007/05/25,2007/05/28,1230793366,2,2.404E+11,3,"1,250.40",124.2
23,99999999,9260126679,2007/05/27,2007/06/01,1230804171,2,2.405E+11,3,148.5,20.65
71,121064,9260124130,2007/05/31,2007/05/31,1230825762,1,2.30101E+11,2,265.6,55.85
23,99999999,9260126679,2007/06/03,2007/06/08,1230841456,2,2.407E+11,2,127.2,33.15
75,121094,9260108068,2007/06/03,2007/06/03,1230841466,1,2.405E+11,2,109.2,23.85
75,121094,9260108068,2007/06/03,2007/06/03,1230841466,1,2.405E+11,2,56,11.7
56,121043,9260111871,2007/06/11,2007/06/11,1230885738,1,2.20101E+11,2,33,7.45
56,121043,9260111871,2007/06/11,2007/06/11,1230885738,1,2.20101E+11,3,97.2,14.85
18,121086,9260112361,2007/06/16,2007/06/16,1230912536,1,2.405E+11,2,50.8,12.1
17023,99999999,2600100021,2007/06/20,2007/06/25,1230931366,3,2.402E+11,2,166.8,8.35
17023,99999999,2600100021,2007/06/20,2007/06/25,1230931366,3,2.402E+11,2,261.8,52.45
171,99999999,1600101555,2007/07/03,2007/07/06,1231002241,3,2.20101E+11,1,52.3,22.65
70108,99999999,2600100046,2007/07/04,2007/07/05,1231008713,2,2.402E+11,2,42.4,8.8
2806,99999999,8010100089,2007/07/04,2007/07/08,1231014780,2,2.401E+11,4,"1,064.00",131.5
215,120145,1600102721,2007/07/07,2007/07/07,1231023774,1,2.30101E+11,1,22.9,10.85
215,120145,1600102721,2007/07/07,2007/07/07,1231023774,1,2.30101E+11,1,78.2,39.2
13,99999999,3940105189,2007/07/09,2007/07/14,1231035308,2,2.30101E+11,2,146.8,36.8
36,99999999,9260128237,2007/07/15,2007/07/17,1231071449,3,2.404E+11,2,257,58.05
36,99999999,9260128237,2007/07/15,2007/07/17,1231071449,3,2.404E+11,2,27.6,6.3
12,121064,9260103713,2007/07/16,2007/07/16,1231077006,1,2.30101E+11,2,193.8,40
61,99999999,3940108887,2007/07/20,2007/07/25,1231094514,2,2.30101E+11,4,544,51.3
61,99999999,3940108887,2007/07/20,2007/07/25,1231094514,2,2.30101E+11,2,259.6,63.2
79,121027,9260101874,2007/07/27,2007/07/27,1231135703,1,2.10201E+11,2,92,16.05
79,121027,9260101874,2007/07/27,2007/07/27,1231135703,1,2.10201E+11,2,39,8.95
31,121059,9260128428,2007/08/02,2007/08/02,1231169108,1,2.202E+11,3,220.2,36.65
215,120164,1600102721,2007/08/04,2007/08/04,1231176288,1,2.405E+11,2,45.4,10.85
111,99999999,1600102072,2007/08/06,2007/08/08,1231188317,2,2.20101E+11,1,30.8,12.35
3959,99999999,8010100151,2007/08/06,2007/08/07,1231194004,3,2.401E+11,2,122,27.55
3959,99999999,8010100151,2007/08/06,2007/08/07,1231194004,3,2.401E+11,2,330,82.6
71,120732,9260124130,2007/08/08,2007/08/08,1231204878,1,2.30101E+11,2,111.4,27.95
215,120134,1600102721,2007/08/09,2007/08/09,1231206746,1,2.402E+11,1,28.2,14.2
70187,99999999,2600100035,2007/08/13,2007/08/18,1231227910,2,2.402E+11,3,"1,266.00",42.2
20,121040,9260118934,2007/08/13,2007/08/13,1231231220,1,2.20101E+11,2,145.2,33.1
45,121045,9260104847,2007/08/18,2007/08/18,1231259703,1,2.402E+11,3,420.9,72
52,99999999,9260116235,2007/08/20,2007/08/26,1231270767,3,2.30101E+11,2,168.2,42.15
12,121037,9260103713,2007/08/24,2007/08/24,1231292064,1,2.20101E+11,3,96.3,14.7
12,121037,9260103713,2007/08/24,2007/08/24,1231292064,1,2.20101E+11,2,91.2,20.85
16,99999999,3940105865,2007/08/27,2007/09/04,1231305521,2,2.202E+11,2,125.2,31.4
16,99999999,3940105865,2007/08/27,2007/08/29,1231305531,2,2.202E+11,2,177.2,44.4
20,121109,9260118934,2007/08/28,2007/08/28,1231314893,1,2.407E+11,2,32,6.35
2806,99999999,8010100089,2007/08/28,2007/09/01,1231316727,2,2.401E+11,2,224.6,68.6
2806,99999999,8010100089,2007/08/28,2007/09/01,1231316727,2,2.401E+11,2,330,82.6
61,99999999,3940108887,2007/08/29,2007/09/03,1231317443,2,2.30101E+11,2,440,135
71,121057,9260124130,2007/09/02,2007/09/02,1231341359,1,2.202E+11,2,132.8,30.25
36,99999999,9260128237,2007/09/11,2007/09/13,1231392762,3,2.30101E+11,2,146.8,36.8
36,99999999,9260128237,2007/09/15,2007/09/17,1231414059,3,2.408E+11,1,150.25,60.1
70046,99999999,2600100017,2007/09/23,2007/09/24,1231453831,3,2.402E+11,1,99.7,51.4
70046,99999999,2600100017,2007/09/23,2007/09/24,1231453831,3,2.402E+11,1,24,10.55
52,121044,9260116235,2007/09/25,2007/09/30,1231468750,1,2.201E+11,1,50,25.1
19444,99999999,4750100001,2007/10/01,2007/10/06,1231500373,2,2.20101E+11,1,52.2,20.95
88,121043,9260100179,2007/10/01,2007/10/01,1231501254,1,2.20101E+11,1,106.1,50.5
52,99999999,9260116235,2007/10/05,2007/10/11,1231522431,3,2.401E+11,1,34.7,13.8
14703,99999999,4750100002,2007/10/09,2007/10/12,1231544990,2,2.20101E+11,1,24.8,12.35
70108,99999999,2600100046,2007/10/22,2007/10/23,1231614059,2,2.20101E+11,1,55.9,24.2
61,99999999,3940108887,2007/10/23,2007/10/28,1231619928,2,2.30101E+11,1,103.2,50.4
11,99999999,3940108592,2007/10/29,2007/11/03,1231653765,3,2.301E+11,1,72.7,35.2
63,121061,9260125492,2007/10/29,2007/11/02,1231657078,1,2.202E+11,1,84.2,38.35
5,121025,9260114570,2007/10/30,2007/10/30,1231663230,1,2.401E+11,1,3,1.15
544,99999999,9050100008,2007/11/12,2007/11/13,1231734609,2,2.30101E+11,1,191,80.45
1033,99999999,9050100001,2007/11/12,2007/11/16,1231734615,3,2.30101E+11,1,129.8,63.2
17,121037,9260123306,2007/11/16,2007/11/16,1231757107,1,2.201E+11,1,84.1,42.15
14703,99999999,4750100002,2007/11/19,2007/11/22,1231773634,2,2.20101E+11,2,45.6,10.45
71,121025,9260124130,2007/11/20,2007/11/20,1231780610,1,2.401E+11,1,219.9,109.9
5,99999999,9260114570,2007/12/01,2007/12/03,1231842118,2,2.407E+11,2,43.98,7.25
45,121060,9260104847,2007/12/04,2007/12/04,1231858937,1,2.202E+11,2,128.6,28.65
70187,99999999,2600100035,2007/12/05,2007/12/10,1231861295,2,2.402E+11,2,53.2,11.95
71,121043,9260124130,2007/12/10,2007/12/10,1231891098,1,2.20101E+11,2,65.6,15
88,120733,9260100179,2007/12/11,2007/12/11,1231896710,1,2.30101E+11,1,93.8,39.05
183,120127,1600100760,2007/12/12,2007/12/12,1231898348,1,2.20101E+11,4,240.8,27.4
215,120132,1600102721,2007/12/14,2007/12/14,1231908237,1,2.402E+11,2,243.2,62.9
17,121020,9260123306,2007/12/17,2007/12/17,1231928627,1,2.401E+11,1,175.9,127.95
111,120127,1600102072,2007/12/18,2007/12/18,1231930216,1,2.201E+11,4,342.8,34.35
111,120127,1600102072,2007/12/19,2007/12/19,1231936241,1,2.20101E+11,2,22.2,5
5,99999999,9260114570,2007/12/21,2007/12/23,1231950921,2,2.30101E+11,2,265.6,55.85
5,99999999,9260114570,2007/12/21,2007/12/23,1231950921,2,2.30101E+11,1,86.3,41.4
111,99999999,1600102072,2007/12/22,2007/12/24,1231952752,2,2.201E+11,2,105.8,26.55
70210,99999999,2600100015,2007/12/22,2007/12/23,1231953192,3,2.402E+11,2,199.4,51.4
5,121037,9260114570,2007/12/22,2007/12/22,1231956902,1,2.20101E+11,2,136.8,31.2
19,99999999,3940106547,2007/12/26,2007/12/30,1231976710,3,2.403E+11,4,56.4,6.05
19,99999999,3940106547,2007/12/26,2007/12/30,1231976710,3,2.403E+11,2,"1,200.20",300
183,120158,1600100760,2007/12/27,2007/12/27,1231982684,1,2.404E+11,3,107.1,14.35
195,120148,1600101663,2007/12/28,2007/12/28,1231986335,1,2.30101E+11,1,38,16.8
70046,99999999,2600100017,2007/12/31,2008/01/01,1232003930,3,2.402E+11,2,49,12.35
5,99999999,9260114570,2007/12/31,2008/01/04,1232007693,2,2.401E+11,1,353.6,174.75
5,99999999,9260114570,2007/12/31,2008/01/04,1232007693,2,2.401E+11,1,421.2,212.95
45,121066,9260104847,2007/12/31,2007/12/31,1232007700,1,2.301E+11,2,249.6,53.6
45,121066,9260104847,2007/12/31,2007/12/31,1232007700,1,2.301E+11,2,398.2,95.65
45,121066,9260104847,2007/12/31,2007/12/31,1232007700,1,2.30101E+11,1,8,3.5
53,120143,1600103258,2008/01/13,2008/01/13,1232087464,1,2.30101E+11,4,336.4,42.15
49,121039,9260104510,2008/01/13,2008/01/13,1232092527,1,2.201E+11,1,6.5,2.6
49,121039,9260104510,2008/01/13,2008/01/13,1232092527,1,2.20101E+11,1,88.4,35.45
49,121039,9260104510,2008/01/13,2008/01/13,1232092527,1,2.20101E+11,1,28.2,12.9
34,121040,9260111379,2008/01/23,2008/01/23,1232161564,1,2.201E+11,1,101.3,50.75
2618,99999999,8010100125,2008/01/25,2008/01/30,1232173841,3,2.401E+11,1,28,11.55
2618,99999999,8010100125,2008/01/25,2008/01/30,1232173841,3,2.401E+11,1,248.3,122.75
89,99999999,9260116551,2008/02/01,2008/02/04,1232217725,2,2.301E+11,2,283.4,61
195,120150,1600101663,2008/02/05,2008/02/05,1232240447,1,2.301E+11,2,77.6,16.65
70046,99999999,2600100017,2008/02/05,2008/02/06,1232241009,3,2.402E+11,1,22.2,9.2
171,120148,1600101555,2008/02/15,2008/02/15,1232307056,1,2.30101E+11,2,146,30.35
20,121039,9260118934,2008/02/15,2008/02/15,1232311932,1,2.201E+11,2,206,42.4
23,99999999,9260126679,2008/02/18,2008/02/22,1232331499,2,2.301E+11,2,369.8,78.15
13,99999999,3940105189,2008/02/25,2008/02/28,1232373481,2,2.202E+11,1,165.5,82.85
4,99999999,9260106519,2008/03/02,2008/03/03,1232410925,3,2.408E+11,1,47.7,18.8
4,121100,9260106519,2008/03/09,2008/03/09,1232455720,1,2.406E+11,1,53,23.25
70201,99999999,2600100012,2008/03/19,2008/03/24,1232517885,3,2.402E+11,1,183.9,86.65
4,99999999,9260106519,2008/03/20,2008/03/21,1232530384,3,2.407E+11,1,16.9,8.6
49,121037,9260104510,2008/03/20,2008/03/20,1232530393,1,2.201E+11,1,33.4,16.8
49,121037,9260104510,2008/03/20,2008/03/20,1232530393,1,2.201E+11,1,63.9,32.05
49,121037,9260104510,2008/03/20,2008/03/20,1232530393,1,2.201E+11,1,35.6,16.7
92,121068,9260117676,2008/03/24,2008/03/24,1232554759,1,2.30101E+11,1,84.1,42.15
195,120160,1600101663,2008/03/30,2008/03/30,1232590052,1,2.404E+11,1,51.8,21.6
195,120160,1600101663,2008/03/30,2008/03/30,1232590052,1,2.404E+11,1,19.1,7.7
89,99999999,9260116551,2008/03/31,2008/04/03,1232601472,2,2.30101E+11,2,173.2,34.1
54655,99999999,2600100013,2008/04/03,2008/04/06,1232618023,2,2.402E+11,1,95.7,47.95
49,121031,9260104510,2008/04/07,2008/04/15,1232648239,1,2.10201E+11,1,6.5,2.3
4,99999999,9260106519,2008/04/08,2008/04/09,1232654929,3,2.405E+11,4,214,23.75
4,99999999,9260106519,2008/04/08,2008/04/09,1232654929,3,2.405E+11,1,58.9,26.1
11171,99999999,2600100032,2008/04/11,2008/04/13,1232672914,3,2.402E+11,2,38.8,10.2
11171,99999999,2600100032,2008/04/11,2008/04/13,1232672914,3,2.402E+11,2,271.4,13
9,99999999,3940106659,2008/04/15,2008/04/20,1232698281,3,2.30101E+11,1,29.4,14.15
4,121041,9260106519,2008/04/16,2008/04/16,1232709099,1,2.20101E+11,1,16.7,7.75
34,121105,9260111379,2008/04/16,2008/04/16,1232709115,1,2.407E+11,3,70.8,12.3
41,99999999,1600101527,2008/04/19,2008/04/23,1232723799,3,2.10201E+11,1,21.8,9.25
5,99999999,9260114570,2008/04/19,2008/04/23,1232728634,2,2.401E+11,1,168.7,76.55
215,120151,1600102721,2008/04/27,2008/04/27,1232777080,1,2.30101E+11,1,73.9,33.25
215,120151,1600102721,2008/04/27,2008/04/27,1232777080,1,2.30101E+11,1,73.4,36.8
195,120143,1600101663,2008/04/29,2008/04/29,1232790793,1,2.301E+11,1,50.1,24.5
45,99999999,9260104847,2008/05/08,2008/05/12,1232857157,2,2.30101E+11,2,172.6,41.4
908,99999999,9050100023,2008/05/13,2008/05/17,1232889267,2,2.301E+11,3,407.4,61.8
34,121021,9260111379,2008/05/14,2008/05/14,1232897220,1,2.401E+11,3,712.2,111
544,99999999,9050100008,2008/05/20,2008/05/21,1232936635,2,2.30101E+11,2,172.6,41.4
111,99999999,1600102072,2008/05/22,2008/05/24,1232946301,2,2.20101E+11,2,102,23.3
52,99999999,9260116235,2008/05/23,2008/05/24,1232956741,3,2.30101E+11,2,76,16.8
171,120145,1600101555,2008/05/26,2008/05/26,1232972274,1,2.301E+11,1,135.8,61.8
171,120145,1600101555,2008/05/26,2008/05/26,1232972274,1,2.30101E+11,1,8,3.5
183,120122,1600100760,2008/05/28,2008/05/28,1232985693,1,2.401E+11,1,273,122.8
4,121109,9260106519,2008/05/29,2008/05/29,1232998740,1,2.407E+11,3,80.97,10.23
34,121025,9260111379,2008/05/30,2008/05/30,1233003688,1,2.401E+11,1,28.6,12.95
14104,99999999,4750100001,2008/06/06,2008/06/09,1233049735,3,2.20101E+11,2,48.8,11.2
215,120148,1600102721,2008/06/09,2008/06/09,1233066745,1,2.30101E+11,1,84.1,42.15
49,121060,9260104510,2008/06/10,2008/06/10,1233078086,1,2.202E+11,2,200.2,43.5
12,121054,9260103713,2008/06/12,2008/06/12,1233092596,1,2.403E+11,1,15.5,6.7
45,121084,9260104847,2008/06/18,2008/06/18,1233131266,1,2.404E+11,2,39.2,7.9
171,120121,1600101555,2008/06/24,2008/06/24,1233166411,1,2.401E+11,1,10.1,4.15
70187,99999999,2600100035,2008/06/24,2008/06/29,1233167161,2,2.402E+11,2,237,52.55
49,121109,9260104510,2008/07/05,2008/07/05,1233243603,1,2.407E+11,2,8.4,2.2
19444,99999999,4750100001,2008/07/06,2008/07/11,1233248920,2,2.20101E+11,2,171.2,36.35
19444,99999999,4750100001,2008/07/06,2008/07/11,1233248920,2,2.20101E+11,3,37.8,5.85
75,121029,9260108068,2008/07/09,2008/07/09,1233270605,1,2.10201E+11,2,75.2,17
70059,99999999,2600100047,2008/07/11,2008/07/15,1233280857,3,2.201E+11,3,173.7,29.05
5,121053,9260114570,2008/07/16,2008/07/16,1233315988,1,2.403E+11,1,87.2,39.7
5,121053,9260114570,2008/07/16,2008/07/16,1233315988,1,2.403E+11,1,138,60.1
13,99999999,3940105189,2008/07/26,2008/07/29,1233378724,2,2.403E+11,1,14.1,6.9
34,121105,9260111379,2008/08/10,2008/08/10,1233482761,1,2.407E+11,2,38.8,10.35
2550,99999999,8010100009,2008/08/10,2008/08/15,1233484749,3,2.401E+11,2,503.6,125.85
2550,99999999,8010100009,2008/08/10,2008/08/15,1233484749,3,2.401E+11,3,272.7,45.4
70201,99999999,2600100012,2008/08/15,2008/08/20,1233514453,3,2.402E+11,3,553.5,73.85
215,120123,1600102721,2008/08/18,2008/08/18,1233531965,1,2.401E+11,1,114,54.8
4,99999999,9260106519,2008/08/19,2008/08/20,1233543560,3,2.405E+11,3,201.9,28
41,120134,1600101527,2008/08/20,2008/08/20,1233545775,1,2.402E+11,2,49.4,11.8
41,120134,1600101527,2008/08/20,2008/08/20,1233545775,1,2.402E+11,1,189.6,100.6
215,120150,1600102721,2008/08/20,2008/08/20,1233545781,1,2.30101E+11,1,6.2,2.85
89,99999999,9260116551,2008/08/27,2008/08/30,1233597637,2,2.407E+11,2,67.2,14.65
215,120177,1600102721,2008/08/31,2008/08/31,1233618453,1,2.407E+11,1,73.4,38.25
5,99999999,9260114570,2008/09/09,2008/09/13,1233682051,2,2.401E+11,1,43.4,18.65
49,121053,9260104510,2008/09/10,2008/09/10,1233689304,1,2.403E+11,3,"1,514.40",229.65
195,120148,1600101663,2008/10/03,2008/10/03,1233837302,1,2.30101E+11,4,990,109.55
195,120148,1600101663,2008/10/03,2008/10/03,1233837302,1,2.30101E+11,3,309.6,50.4
111,99999999,1600102072,2008/10/12,2008/10/14,1233895201,2,2.201E+11,1,25.6,12.9
111,99999999,1600102072,2008/10/12,2008/10/14,1233895201,2,2.20101E+11,2,113.8,25.95
544,99999999,9050100008,2008/10/14,2008/10/15,1233913196,2,2.301E+11,1,29.3,11.75
34,121030,9260111379,2008/10/15,2008/10/15,1233920786,1,2.102E+11,1,38,19.1
34,121030,9260111379,2008/10/15,2008/10/15,1233920786,1,2.102E+11,1,41.6,20.9
52,121135,9260116235,2008/10/15,2008/10/15,1233920795,1,2.408E+11,1,120.4,48.1
52,121064,9260116235,2008/10/15,2008/10/15,1233920805,1,2.30101E+11,1,8,3.5
19873,99999999,4750100001,2008/10/27,2008/11/03,1233998114,2,2.201E+11,1,59.7,29.95
19873,99999999,4750100001,2008/10/27,2008/11/03,1233998114,2,2.201E+11,1,98.9,47.7
92,121039,9260117676,2008/11/01,2008/11/01,1234033037,1,2.20101E+11,1,53.7,22.75
75,121069,9260108068,2008/11/10,2008/11/10,1234092222,1,2.30101E+11,1,7.2,3.1
195,120123,1600101663,2008/11/17,2008/11/17,1234133789,1,2.401E+11,1,328.3,165.95
53,120121,1600103258,2008/11/25,2008/11/25,1234186330,1,2.401E+11,1,200.1,97.75
49,121035,9260104510,2008/11/26,2008/11/26,1234198497,1,2.102E+11,1,39,17.35
54655,99999999,2600100013,2008/12/02,2008/12/05,1234235150,2,2.402E+11,2,369,73.85
49,121042,9260104510,2008/12/03,2008/12/03,1234247283,1,2.201E+11,2,187.2,40.75
17,121135,9260123306,2008/12/04,2008/12/04,1234255111,1,2.408E+11,3,257.4,39.9
23,99999999,9260126679,2008/12/08,2008/12/12,1234279341,2,2.30101E+11,1,116.7,48.6
92,121109,9260117676,2008/12/11,2008/12/11,1234301319,1,2.407E+11,4,105.6,10.1
70210,99999999,2600100015,2008/12/15,2008/12/16,1234323012,3,2.402E+11,2,29.2,6.75
70210,99999999,2600100015,2008/12/15,2008/12/16,1234323012,3,2.402E+11,2,39,10.3
70210,99999999,2600100015,2008/12/15,2008/12/16,1234323012,3,2.402E+11,2,196,39.3
4,121069,9260106519,2008/12/18,2008/12/18,1234348668,1,2.301E+11,2,92.6,20.9
17,121071,9260123306,2008/12/20,2008/12/20,1234360543,1,2.301E+11,2,110.2,25.4
12,121069,9260103713,2008/12/22,2008/12/22,1234373539,1,2.301E+11,2,226.2,58.9
111,120123,1600102072,2008/12/29,2008/12/29,1234414529,1,2.401E+11,2,90.4,18.15
111,120123,1600102072,2008/12/29,2008/12/29,1234414529,1,2.401E+11,2,181.8,45.4
17,121109,9260123306,2008/12/29,2008/12/29,1234419240,1,2.407E+11,5,119.95,9.75
195,120150,1600101663,2009/01/02,2009/01/02,1234437760,1,2.30101E+11,2,193.4,48.45
36,99999999,9260128237,2009/01/11,2009/01/14,1234534069,3,2.408E+11,4,525.2,58.55
183,120121,1600100760,2009/01/12,2009/01/12,1234537441,1,2.401E+11,1,16,6.35
16,99999999,3940105865,2009/01/12,2009/01/14,1234538390,2,2.202E+11,1,115,52.4
16,99999999,3940105865,2009/01/17,2009/01/19,1234588648,2,2.30101E+11,1,138.7,62.5
16,99999999,3940105865,2009/01/17,2009/01/19,1234588648,2,2.30101E+11,1,76.1,38.15
16,99999999,3940105865,2009/01/24,2009/01/26,1234659163,2,2.30101E+11,1,504.2,245.8
63,99999999,9260125492,2009/01/24,2009/01/25,1234665265,2,2.401E+11,2,48.4,9.75
171,99999999,1600101555,2009/01/29,2009/02/02,1234709803,3,2.201E+11,2,122.6,30.75
183,120179,1600100760,2009/01/31,2009/01/31,1234727966,1,2.407E+11,1,13.2,5.95
70221,99999999,2600100019,2009/02/16,2009/02/18,1234891576,3,2.402E+11,1,183.9,86.65
18,121021,9260112361,2009/02/16,2009/02/16,1234897732,1,2.401E+11,1,197.9,84.9
24,99999999,9260115784,2009/02/22,2009/02/27,1234958242,2,2.30101E+11,1,11.9,5.4
16,99999999,3940105865,2009/02/24,2009/02/26,1234972570,2,2.301E+11,1,68.7,34.45
11171,99999999,2600100032,2009/03/15,2009/03/17,1235176942,3,2.402E+11,1,2.7,1.2
11171,99999999,2600100032,2009/03/15,2009/03/17,1235176942,3,2.402E+11,1,16.2,7.9
215,120160,1600102721,2009/03/21,2009/03/21,1235236723,1,2.404E+11,1,254.2,115.6
89,121043,9260116551,2009/03/24,2009/03/24,1235275513,1,2.201E+11,1,29.7,14.95
111,120122,1600102072,2009/03/28,2009/03/28,1235306679,1,2.401E+11,1,55.4,22.8
63,121109,9260125492,2009/04/04,2009/04/04,1235384426,1,2.407E+11,1,21.99,9.1
16,99999999,3940105865,2009/04/25,2009/04/27,1235591214,2,2.404E+11,1,93.4,38.95
16,99999999,3940105865,2009/04/25,2009/04/27,1235591214,2,2.404E+11,1,55.5,25.1
16,99999999,3940105865,2009/04/27,2009/04/29,1235611754,2,2.404E+11,2,71.4,14.35
16,99999999,3940105865,2009/04/27,2009/04/29,1235611754,2,2.404E+11,2,38.2,7.7
16,99999999,3940105865,2009/05/10,2009/05/12,1235744141,2,2.30101E+11,2,146,30.35
16,99999999,3940105865,2009/05/10,2009/05/12,1235744141,2,2.30101E+11,3,"1,687.50",287.1
24,99999999,9260115784,2009/05/18,2009/05/24,1235830338,2,2.202E+11,1,92,46.1
24,99999999,9260115784,2009/05/18,2009/05/24,1235830338,2,2.202E+11,1,145.9,66.35
171,120127,1600101555,2009/05/21,2009/05/21,1235856852,1,2.201E+11,1,27.7,13.95
171,120127,1600101555,2009/05/21,2009/05/21,1235856852,1,2.20101E+11,1,13.1,5.9
36,99999999,9260128237,2009/05/23,2009/05/26,1235881915,3,2.407E+11,2,26.4,5.95
49,121040,9260104510,2009/05/26,2009/05/26,1235913793,1,2.20101E+11,1,26.7,11.6
79,99999999,9260101874,2009/05/27,2009/06/03,1235926178,3,2.102E+11,2,36,7.05
12386,99999999,4750100001,2009/05/31,2009/06/01,1235963427,2,2.20101E+11,3,313.8,49.8
12386,99999999,4750100001,2009/05/31,2009/06/01,1235963427,2,2.20101E+11,1,31.4,12.55
183,120127,1600100760,2009/06/06,2009/06/06,1236017640,1,2.20101E+11,1,57.7,25.7
9,99999999,3940106659,2009/06/07,2009/06/12,1236028541,3,2.30101E+11,2,16,3.5
10,121136,9260129395,2009/06/09,2009/06/09,1236055696,1,2.408E+11,1,292.5,121.75
908,99999999,9050100023,2009/06/10,2009/06/14,1236066649,2,2.301E+11,1,46.7,18.75
36,99999999,9260128237,2009/06/15,2009/06/18,1236113431,3,2.301E+11,2,25.8,5.45
26148,99999999,2600100010,2009/06/17,2009/06/19,1236128445,2,2.402E+11,2,174.4,44.95
16,99999999,3940105865,2009/06/17,2009/06/19,1236128456,2,2.30101E+11,2,16.8,3.45
16,99999999,3940105865,2009/06/17,2009/06/19,1236128456,2,2.30101E+11,2,154,38.6
23,99999999,9260126679,2009/06/22,2009/06/27,1236183578,2,2.405E+11,2,110.4,24.5
23,99999999,9260126679,2009/06/22,2009/06/27,1236183578,2,2.405E+11,3,28.5,4.55
41,120131,1600101527,2009/06/26,2009/06/26,1236216065,1,2.402E+11,1,175.5,89.55
92,121051,9260117676,2009/07/08,2009/07/08,1236349115,1,2.402E+11,4,396,49.6
92,121051,9260117676,2009/07/08,2009/07/08,1236349115,1,2.402E+11,2,250.8,12.5
111,120123,1600102072,2009/07/11,2009/07/11,1236369939,1,2.401E+11,1,191.6,87.4
111,120123,1600102072,2009/07/11,2009/07/11,1236369939,1,2.401E+11,1,231,113.65
70108,99999999,2600100046,2009/07/22,2009/08/02,1236483576,2,2.402E+11,4,74.8,10
9,99999999,3940106659,2009/08/10,2009/08/15,1236673732,3,2.30101E+11,3,"1,542.60",250.7
9,99999999,3940106659,2009/08/10,2009/08/15,1236673732,3,2.30101E+11,2,550.2,113.45
70221,99999999,2600100019,2009/08/12,2009/08/14,1236694462,3,2.402E+11,2,82.4,19.9
34,121027,9260111379,2009/08/12,2009/08/12,1236701935,1,2.102E+11,2,43.8,11.05
183,120136,1600100760,2009/08/21,2009/08/21,1236783056,1,2.403E+11,2,183.6,41.7
183,120136,1600100760,2009/08/21,2009/08/21,1236783056,1,2.403E+11,3,"1,561.80",237.05
215,120170,1600102721,2009/08/28,2009/08/28,1236852196,1,2.406E+11,1,55.3,21.9
3959,99999999,8010100151,2009/09/03,2009/09/04,1236923123,3,2.401E+11,1,3.7,1.3
70165,99999999,2600100006,2009/09/08,2009/09/18,1236965430,3,2.402E+11,2,27,6.65
79,99999999,9260101874,2009/09/27,2009/10/08,1237165927,3,2.405E+11,2,76.8,17.1
111,120143,1600102072,2009/10/03,2009/10/03,1237218771,1,2.30101E+11,1,26.1,11.9
195,120124,1600101663,2009/10/08,2009/10/08,1237272696,1,2.401E+11,2,186.6,39.95
195,120124,1600101663,2009/10/08,2009/10/08,1237272696,1,2.401E+11,2,338.8,84.85
10,121043,9260129395,2009/10/13,2009/10/13,1237327705,1,2.201E+11,1,52.9,26.55
10,121043,9260129395,2009/10/13,2009/10/13,1237327705,1,2.201E+11,1,37.3,18.75
2618,99999999,8010100125,2009/10/13,2009/10/18,1237331045,3,2.401E+11,1,16.3,7.8
41,120145,1600101527,2009/10/18,2009/10/18,1237370327,1,2.30101E+11,1,88.5,42.45
171,99999999,1600101555,2009/10/26,2009/10/30,1237450174,3,2.20101E+11,2,77.2,18.35
171,99999999,1600101555,2009/10/26,2009/10/30,1237450174,3,2.20101E+11,1,11.9,4.8
908,99999999,9050100023,2009/10/28,2009/11/01,1237478988,2,2.301E+11,1,99.9,50.05
1100,99999999,9050100008,2009/10/31,2009/11/02,1237507462,2,2.301E+11,3,51,6.6
1100,99999999,9050100008,2009/10/31,2009/11/02,1237507462,2,2.30101E+11,1,568.1,289.95
79,121081,9260101874,2009/11/01,2009/11/01,1237517484,1,2.404E+11,1,54.3,22.6
65,99999999,3940100176,2009/11/16,2009/11/22,1237664026,3,2.301E+11,1,99.9,50.05
10,99999999,9260129395,2009/11/16,2009/11/21,1237670443,2,2.408E+11,1,74.8,34
53,120190,1600103258,2009/11/19,2009/11/19,1237695520,1,2.202E+11,3,240,39.45
10,99999999,9260129395,2009/11/24,2009/11/29,1237751376,2,2.401E+11,1,279.3,138.1
56,121027,9260111871,2009/11/28,2009/11/28,1237789102,1,2.102E+11,1,50.4,25.3
9,99999999,3940106659,2009/12/02,2009/12/07,1237825036,3,2.404E+11,2,39.2,7.9
5,121041,9260114570,2009/12/08,2009/12/08,1237890730,1,2.20101E+11,2,74.2,16.55
5,121041,9260114570,2009/12/08,2009/12/08,1237890730,1,2.20101E+11,4,50.4,5.85
29,99999999,1600103020,2009/12/09,2009/12/14,1237894107,2,2.20101E+11,2,119,29.85
70187,99999999,2600100035,2009/12/09,2009/12/14,1237894966,2,2.402E+11,2,19.98,6.65
23,99999999,9260126679,2009/12/12,2009/12/17,1237928021,2,2.408E+11,3,949.8,126.7
23,99999999,9260126679,2009/12/12,2009/12/17,1237928021,2,2.408E+11,3,164.4,23.75
41,120158,1600101527,2009/12/17,2009/12/17,1237974997,1,2.404E+11,3,162.9,22.6
36,99999999,9260128237,2009/12/18,2009/12/21,1237989406,3,2.301E+11,2,318.2,67.4
46966,99999999,2600100011,2009/12/21,2009/12/22,1238013821,3,2.402E+11,3,312,41.65
9,99999999,3940106659,2009/12/25,2009/12/30,1238053337,3,2.30101E+11,1,514.2,250.7
41,99999999,1600101527,2010/01/06,2010/01/10,1238161695,2,2.401E+11,2,17,3.3
63,121064,9260125492,2010/01/06,2010/01/06,1238168538,1,2.301E+11,1,46.9,20.2
10,121106,9260129395,2010/01/14,2010/01/14,1238231237,1,2.407E+11,1,19.6,10.55
88,121039,9260100179,2010/01/17,2010/01/17,1238255107,1,2.201E+11,1,38.7,19.45
215,120127,1600102721,2010/01/20,2010/01/20,1238273927,1,2.20101E+11,3,170.7,24.1
70210,99999999,2600100015,2010/01/24,2010/01/25,1238305578,3,2.402E+11,1,16.2,7.9
52,121025,9260116235,2010/01/25,2010/01/25,1238319276,1,2.401E+11,1,8.9,4.1
89,121106,9260116551,2010/01/25,2010/01/25,1238319281,1,2.407E+11,1,22.85,9.3
111,120127,1600102072,2010/01/30,2010/01/30,1238353296,1,2.20101E+11,2,67.2,14.95
111,120127,1600102072,2010/01/30,2010/01/30,1238353296,1,2.20101E+11,3,140.1,23.45
31,121044,9260128428,2010/01/31,2010/01/31,1238367238,1,2.20101E+11,1,38.6,18.35
19,99999999,3940106547,2010/02/01,2010/02/06,1238370259,3,2.30101E+11,1,96.7,48.45
41,120151,1600101527,2010/02/02,2010/02/02,1238377562,1,2.30101E+11,2,154,38.6
10,121073,9260129395,2010/02/03,2010/02/03,1238393448,1,2.30101E+11,1,86.6,34.1
19,99999999,3940106547,2010/02/08,2010/02/13,1238426415,3,2.30101E+11,1,283.3,116.85
52,121042,9260116235,2010/02/09,2010/02/09,1238440880,1,2.201E+11,1,52.2,26.2
50,99999999,3940105781,2010/02/14,2010/02/15,1238474357,2,2.30101E+11,2,566.6,116.85
71,121054,9260124130,2010/02/18,2010/02/18,1238510159,1,2.403E+11,1,48.7,18.15
71,121054,9260124130,2010/02/18,2010/02/18,1238510159,1,2.403E+11,1,54.1,23
19,99999999,3940106547,2010/02/24,2010/03/01,1238553101,3,2.404E+11,1,217,90.4
88,121033,9260100179,2010/03/02,2010/03/02,1238605995,1,2.10201E+11,1,47.9,20.9
88,121023,9260100179,2010/03/06,2010/03/06,1238637449,1,2.401E+11,1,419,209.45
12,121069,9260103713,2010/03/07,2010/03/07,1238646479,1,2.301E+11,1,56.7,27.25
90,121072,9260111614,2010/03/07,2010/03/07,1238646484,1,2.301E+11,1,24.8,5
53,120121,1600103258,2010/03/11,2010/03/11,1238674844,1,2.401E+11,1,48.3,19.25
12,121051,9260103713,2010/03/11,2010/03/11,1238678581,1,2.402E+11,1,109.3,56.6
12,121051,9260103713,2010/03/11,2010/03/11,1238678581,1,2.402E+11,2,187.6,9.4
10,121044,9260129395,2010/03/12,2010/03/12,1238686430,1,2.20101E+11,1,40.6,18.05
2806,99999999,8010100089,2010/03/13,2010/03/17,1238696385,2,2.401E+11,2,36.2,7.7
53,120127,1600103258,2010/03/16,2010/03/16,1238712056,1,2.201E+11,1,97.6,48.9
53,120127,1600103258,2010/03/16,2010/03/16,1238712056,1,2.20101E+11,1,186.8,89.1
195,120177,1600101663,2010/03/19,2010/03/19,1238735750,1,2.407E+11,2,155.6,40.5
928,99999999,9050100016,2010/03/26,2010/03/30,1238797437,2,2.301E+11,2,767.8,176.05
52,121024,9260116235,2010/03/27,2010/03/27,1238805678,1,2.401E+11,1,92.8,39.85
52,121024,9260116235,2010/03/27,2010/03/27,1238805678,1,2.401E+11,1,229.1,113.25
89,121039,9260116551,2010/03/27,2010/03/27,1238805703,1,2.20101E+11,1,59.4,27.05
14703,99999999,4750100002,2010/03/28,2010/03/31,1238812262,2,2.201E+11,1,96.3,48.25
14703,99999999,4750100002,2010/03/28,2010/03/31,1238812262,2,2.20101E+11,1,51.8,23.65
88,121056,9260100179,2010/04/01,2010/04/01,1238846184,1,2.202E+11,1,62.6,31.4
70187,99999999,2600100035,2010/04/03,2010/04/08,1238856867,2,2.20101E+11,1,17.7,8
39,121105,9260123099,2010/04/04,2010/04/04,1238870441,1,2.407E+11,1,5.1,2.2
3959,99999999,8010100151,2010/04/04,2010/04/06,1238872273,3,2.401E+11,1,16.4,8.05
89,121042,9260116551,2010/04/09,2010/04/09,1238910092,1,2.201E+11,2,192.6,48.25
89,121042,9260116551,2010/04/09,2010/04/09,1238910092,1,2.20101E+11,2,78,16.95
215,120172,1600102721,2010/04/12,2010/04/12,1238928257,1,2.406E+11,1,37.4,16.3
29,99999999,1600103020,2010/04/17,2010/04/21,1238968334,2,2.201E+11,1,17.4,8.8
29,99999999,1600103020,2010/04/19,2010/04/23,1238985782,2,2.401E+11,1,79.9,34.3
19,99999999,3940106547,2010/04/21,2010/04/26,1239003827,3,2.30101E+11,1,77,38.6
70221,99999999,2600100019,2010/04/23,2010/04/25,1239018454,3,2.402E+11,1,22.3,12.6
70221,99999999,2600100019,2010/04/23,2010/04/25,1239018454,3,2.402E+11,1,313.8,159.15
12,121030,9260103713,2010/04/27,2010/04/27,1239057268,1,2.10201E+11,2,48,11.95
29,99999999,1600103020,2010/05/12,2010/05/16,1239172417,2,2.401E+11,2,51.6,10.95
39,99999999,9260123099,2010/05/12,2010/05/17,1239179935,2,2.407E+11,1,21.99,7.25
52,121040,9260116235,2010/05/14,2010/05/14,1239194032,1,2.201E+11,1,27.4,13.8
90,121020,9260111614,2010/05/15,2010/05/15,1239201604,1,2.401E+11,3,712.2,111
29,99999999,1600103020,2010/05/18,2010/05/22,1239220388,2,2.401E+11,1,190.4,88.8
20,99999999,9260118934,2010/05/18,2010/05/24,1239226632,3,2.202E+11,3,190.5,29.95
63,121087,9260125492,2010/05/21,2010/05/21,1239248786,1,2.405E+11,3,174.3,25.8
63,121087,9260125492,2010/05/21,2010/05/21,1239248786,1,2.405E+11,1,41.7,19.75
41,120152,1600101527,2010/05/23,2010/05/23,1239258470,1,2.404E+11,1,6.2,3
53,120143,1600103258,2010/05/24,2010/05/24,1239266107,1,2.30101E+11,1,112.5,54.95
45,121075,9260104847,2010/05/29,2010/05/29,1239312711,1,2.30101E+11,3,231,38.6
45,121075,9260104847,2010/05/29,2010/05/29,1239312711,1,2.30101E+11,3,849.9,116.85
1100,99999999,9050100008,2010/05/30,2010/06/01,1239320891,2,2.301E+11,3,279.3,46.65
52,121037,9260116235,2010/06/02,2010/06/02,1239346133,1,2.201E+11,3,116.4,19.5
52,121037,9260116235,2010/06/02,2010/06/02,1239346133,1,2.201E+11,1,208.6,84.35
183,120143,1600100760,2010/06/04,2010/06/04,1239353855,1,2.30101E+11,1,12.7,6.1
89,121105,9260116551,2010/06/05,2010/06/05,1239368476,1,2.407E+11,3,65.97,9.1
52,121105,9260116235,2010/06/10,2010/06/10,1239408849,1,2.407E+11,2,53.2,11.4
29,99999999,1600103020,2010/06/11,2010/06/15,1239410348,2,2.20101E+11,1,32.8,15.7
88,121036,9260100179,2010/06/11,2010/06/11,1239416627,1,2.20101E+11,2,248.2,59.05
195,120127,1600101663,2010/06/12,2010/06/12,1239418524,1,2.201E+11,2,408.8,102.3
41,99999999,1600101527,2010/06/15,2010/06/19,1239442095,2,2.10201E+11,2,120.2,26.8
17023,99999999,2600100021,2010/06/22,2010/06/27,1239498112,3,2.402E+11,2,97.8,19.6
90,121040,9260111614,2010/06/27,2010/06/27,1239543223,1,2.201E+11,2,172.8,43.3
90,121040,9260111614,2010/06/27,2010/06/27,1239543223,1,2.20101E+11,2,38.6,8.75
45,121127,9260104847,2010/07/06,2010/07/06,1239615368,1,2.408E+11,1,178.88,71.55
88,121040,9260100179,2010/07/16,2010/07/16,1239693951,1,2.20101E+11,2,83.6,19.45
16,99999999,3940105865,2010/07/19,2010/07/20,1239713046,2,2.30101E+11,4,66.8,7.25
16,99999999,3940105865,2010/07/19,2010/07/20,1239713046,2,2.30101E+11,2,252.2,58.6
16,99999999,3940105865,2010/07/19,2010/07/20,1239713046,2,2.30101E+11,2,177,42.45
71,121073,9260124130,2010/07/21,2010/07/21,1239735632,1,2.30101E+11,2,"1,136.20",289.95
13,99999999,3940105189,2010/07/23,2010/07/28,1239744161,2,2.404E+11,1,6.2,3
13,99999999,3940105189,2010/07/23,2010/07/28,1239744161,2,2.404E+11,2,38.2,7.7
60,121036,9260101262,2010/07/25,2010/07/25,1239765451,1,2.20101E+11,2,211.4,48.15
60,121036,9260101262,2010/07/25,2010/07/25,1239765451,1,2.20101E+11,2,21,4.75
65,99999999,3940100176,2010/07/28,2010/08/03,1239785436,3,2.30101E+11,4,354,42.45
1684,99999999,9050100008,2010/08/01,2010/08/04,1239821232,2,2.30101E+11,2,18.8,4.75
54655,99999999,2600100013,2010/08/02,2010/08/05,1239823829,2,2.402E+11,2,214.6,10.75
12,121090,9260103713,2010/08/03,2010/08/03,1239836937,1,2.405E+11,2,52.4,8.85
12,121042,9260103713,2010/08/08,2010/08/08,1239874523,1,2.20101E+11,2,48.4,11.1
16,99999999,3940105865,2010/08/16,2010/08/17,1239932984,2,2.202E+11,2,285.8,64.85
16,99999999,3940105865,2010/08/16,2010/08/17,1239932984,2,2.202E+11,5,406,37.05
52,120732,9260116235,2010/08/19,2010/08/19,1239962634,1,2.30101E+11,2,50,12.2
53,99999999,1600103258,2010/08/21,2010/08/23,1239972644,2,2.20101E+11,1,102.9,46.9
90,121060,9260111614,2010/08/23,2010/08/23,1239994933,1,2.202E+11,3,213,32.3
71,99999999,9260124130,2010/08/30,2010/09/05,1240051245,3,2.301E+11,1,250.9,104.2
71,99999999,9260124130,2010/08/30,2010/09/05,1240051245,3,2.301E+11,3,359.1,56.9
60,121066,9260101262,2010/08/31,2010/08/31,1240060066,1,2.301E+11,1,141.7,61
544,99999999,9050100008,2010/09/10,2010/09/11,1240137702,2,2.301E+11,1,36,15
70165,99999999,2600100006,2010/09/15,2010/09/16,1240173354,3,2.402E+11,2,306.2,77.85
29,99999999,1600103020,2010/09/17,2010/09/21,1240187143,2,2.401E+11,1,154.6,116.6
10,121039,9260129395,2010/09/18,2010/09/18,1240201886,1,2.20101E+11,1,32.3,14.75
52,121051,9260116235,2010/09/28,2010/09/28,1240283215,1,2.402E+11,1,175.5,89.55
52,121051,9260116235,2010/09/28,2010/09/28,1240283215,1,2.402E+11,2,112.2,28.15
52,121051,9260116235,2010/09/28,2010/09/28,1240283215,1,2.402E+11,2,323.8,75.9
90,121071,9260111614,2010/10/01,2010/10/01,1240306942,1,2.30101E+11,1,8,3.5
90,121071,9260111614,2010/10/01,2010/10/01,1240306942,1,2.30101E+11,1,64.2,32.2
908,99999999,9050100023,2010/10/02,2010/10/06,1240314947,2,2.30101E+11,1,96.7,48.45
17,121074,9260123306,2010/10/02,2010/10/02,1240314956,1,2.30101E+11,1,86.6,34.1
10,121063,9260129395,2010/10/07,2010/10/07,1240355393,1,2.30101E+11,1,84.1,42.15
63,120733,9260125492,2010/10/10,2010/10/10,1240379679,1,2.301E+11,1,99.9,50.05
63,120733,9260125492,2010/10/10,2010/10/10,1240379679,1,2.30101E+11,1,173,72.75
89,121140,9260116551,2010/10/11,2010/10/11,1240387741,1,2.408E+11,1,187.2,85.15
183,120153,1600100760,2010/10/17,2010/10/17,1240430921,1,2.404E+11,1,155.8,64.95
29,99999999,1600103020,2010/10/19,2010/10/23,1240446608,2,2.201E+11,1,35,17.6
29,99999999,1600103020,2010/10/19,2010/10/23,1240446608,2,2.20101E+11,2,305.8,72.9
50,99999999,3940105781,2010/10/19,2010/10/20,1240447572,2,2.301E+11,1,270,125.65
10,121036,9260129395,2010/10/20,2010/10/20,1240461993,1,2.201E+11,1,11.3,4.55
10,121036,9260129395,2010/10/20,2010/10/20,1240461993,1,2.20101E+11,1,52.5,24.95
10,121036,9260129395,2010/10/20,2010/10/20,1240461993,1,2.20101E+11,1,68.4,31.2
29,99999999,1600103020,2010/10/24,2010/10/28,1240485814,2,2.20101E+11,1,74.8,34.1
63,121033,9260125492,2010/10/26,2010/10/26,1240509842,1,2.10201E+11,1,39.4,17.8
50,99999999,3940105781,2010/10/27,2010/10/28,1240512744,2,2.403E+11,2,28.8,7.05
89,121061,9260116551,2010/10/31,2010/10/31,1240549230,1,2.202E+11,1,58.7,28.25
19,99999999,3940106547,2010/11/03,2010/11/08,1240568966,3,2.202E+11,1,133.2,66.7
215,120192,1600102721,2010/11/05,2010/11/05,1240581932,1,2.10201E+11,3,124.2,18.85
2788,99999999,9050100001,2010/11/05,2010/11/07,1240588370,2,2.30101E+11,1,126.1,58.6
16,99999999,3940105865,2010/11/07,2010/11/08,1240599396,2,2.30101E+11,1,220,135
16,99999999,3940105865,2010/11/07,2010/11/08,1240599396,2,2.30101E+11,1,360,199
63,121071,9260125492,2010/11/07,2010/11/07,1240604971,1,2.30101E+11,1,86.3,41.4
20,121069,9260118934,2010/11/08,2010/11/08,1240613362,1,2.301E+11,1,175.3,74.95
88,121086,9260100179,2010/11/18,2010/11/18,1240692950,1,2.405E+11,1,34.5,15.4
544,99999999,9050100008,2010/11/29,2010/11/30,1240782710,2,2.30101E+11,1,12.7,6.1
544,99999999,9050100008,2010/11/29,2010/11/30,1240782710,2,2.30101E+11,1,129.8,63.2
544,99999999,9050100008,2010/12/08,2010/12/09,1240856801,2,2.30101E+11,2,193.4,48.45
544,99999999,9050100008,2010/12/08,2010/12/09,1240856801,2,2.30101E+11,1,124.7,59.65
1100,99999999,9050100008,2010/12/10,2010/12/12,1240870047,2,2.301E+11,2,213.8,45.5
52,121030,9260116235,2010/12/12,2010/12/12,1240886449,1,2.102E+11,1,19.8,8.25
52,121044,9260116235,2010/12/14,2010/12/14,1240903120,1,2.201E+11,2,62.2,15.65
52,121044,9260116235,2010/12/14,2010/12/14,1240903120,1,2.201E+11,4,213.2,26.75
16,99999999,3940105865,2010/12/22,2010/12/23,1240961599,2,2.301E+11,4,"1,103.60",125.25
16,99999999,3940105865,2010/12/22,2010/12/23,1240961599,2,2.30101E+11,1,78.2,39.2
24,99999999,9260115784,2011/01/02,2011/01/05,1241054779,3,2.408E+11,2,195.6,42.45
89,121135,9260116551,2011/01/03,2011/01/04,1241063739,1,2.408E+11,6,160.8,12.15
171,120134,1600101555,2011/01/04,2011/01/04,1241066216,1,2.402E+11,2,306.2,77.85
53,99999999,1600103258,2011/01/06,2011/01/09,1241086052,3,2.10201E+11,3,37.8,5.7
53,120131,1600103258,2011/01/13,2011/01/13,1241147641,1,2.402E+11,2,362.6,72.6
171,120136,1600101555,2011/01/23,2011/01/30,1241235281,1,2.403E+11,1,72.6,36.25
111,120164,1600102072,2011/01/24,2011/01/24,1241244297,1,2.405E+11,2,258.2,51.7
111,120164,1600102072,2011/01/24,2011/01/24,1241244297,1,2.405E+11,2,81.2,19.35
111,120164,1600102072,2011/01/24,2011/01/24,1241244297,1,2.405E+11,3,358.2,49.75
3959,99999999,8010100151,2011/01/25,2011/01/26,1241263172,3,2.401E+11,1,102.4,51.15
3959,99999999,8010100151,2011/01/25,2011/01/26,1241263172,3,2.401E+11,1,113.2,54
27,99999999,9260105670,2011/01/28,2011/02/02,1241286432,3,2.408E+11,2,174.4,34.9
2806,99999999,8010100089,2011/01/29,2011/02/08,1241298131,2,2.401E+11,1,37.4,29.65
12,121043,9260103713,2011/02/05,2011/02/05,1241359997,1,2.201E+11,1,117.6,58.9
171,120124,1600101555,2011/02/07,2011/02/07,1241371145,1,2.401E+11,2,656.6,165.95
171,120124,1600101555,2011/02/07,2011/02/07,1241371145,1,2.401E+11,2,129,30.95
41,120131,1600101527,2011/02/09,2011/02/09,1241390440,1,2.402E+11,2,36.2,9.15
18,121042,9260112361,2011/02/16,2011/02/17,1241461856,1,2.201E+11,1,29.4,14.8
171,120127,1600101555,2011/02/28,2011/02/28,1241561055,1,2.20101E+11,5,192,17.5
24,99999999,9260115784,2011/03/06,2011/03/09,1241623505,3,2.407E+11,1,46.9,21.95
70100,99999999,2600100015,2011/03/09,2011/03/13,1241645664,2,2.402E+11,1,150.1,14
27,99999999,9260105670,2011/03/09,2011/03/14,1241652707,3,2.407E+11,3,140.7,21.95
10,121040,9260129395,2011/03/13,2011/03/19,1241686210,1,2.201E+11,1,32.6,16.4
92,121106,9260117676,2011/03/16,2011/03/16,1241715610,1,2.407E+11,1,16.9,8.6
31,121025,9260128428,2011/03/18,2011/03/18,1241731828,1,2.401E+11,1,22.7,10.4
31,121025,9260128428,2011/03/18,2011/03/18,1241731828,1,2.401E+11,1,41.5,17.25
17023,99999999,2600100021,2011/03/25,2011/03/30,1241789227,3,2.402E+11,1,121,60.65
56,121051,9260111871,2011/04/05,2011/04/09,1241895594,1,2.402E+11,2,24.4,4.45
56,121051,9260111871,2011/04/05,2011/04/09,1241895594,1,2.402E+11,1,13.5,6.65
46966,99999999,2600100011,2011/04/07,2011/04/08,1241909303,3,2.402E+11,1,107.3,10.75
27,99999999,9260105670,2011/04/09,2011/04/14,1241930625,3,2.202E+11,1,58.7,28.25
27,99999999,9260105670,2011/04/09,2011/04/14,1241930625,3,2.202E+11,1,56.3,31.05
27,99999999,9260105670,2011/04/09,2011/04/14,1241930625,3,2.202E+11,1,90,40.9
171,120152,1600101555,2011/04/15,2011/04/15,1241977403,1,2.404E+11,1,19.1,7.7
10,121040,9260129395,2011/04/18,2011/04/18,1242012259,1,2.201E+11,2,231.6,48.7
10,121040,9260129395,2011/04/18,2011/04/18,1242012259,1,2.20101E+11,2,19.2,4.85
45,121040,9260104847,2011/04/18,2011/04/18,1242012269,1,2.201E+11,4,142.4,16.7
45,121040,9260104847,2011/04/18,2011/04/18,1242012269,1,2.20101E+11,3,73.8,11.3
183,120132,1600100760,2011/04/21,2011/04/21,1242035131,1,2.402E+11,1,147.1,58.85
31,99999999,9260128428,2011/04/25,2011/04/29,1242076538,3,2.202E+11,1,57.3,33.9
92,121086,9260117676,2011/05/01,2011/05/01,1242130888,1,2.405E+11,3,160.5,23.75
5,99999999,9260114570,2011/05/02,2011/05/07,1242140006,3,2.401E+11,1,31.4,13.9
90,99999999,9260111614,2011/05/02,2011/05/04,1242140009,2,2.401E+11,1,16.4,8.05
90,99999999,9260111614,2011/05/02,2011/05/04,1242140009,2,2.401E+11,1,192.4,89.9
90,121032,9260111614,2011/05/03,2011/05/03,1242149082,1,2.102E+11,1,14.3,7.7
90,121032,9260111614,2011/05/03,2011/05/03,1242149082,1,2.10201E+11,4,56.8,6.45
5,99999999,9260114570,2011/05/04,2011/05/09,1242159212,3,2.301E+11,2,446.6,101.65
2550,99999999,8010100009,2011/05/04,2011/05/09,1242161468,3,2.401E+11,3,9.6,1.3
2550,99999999,8010100009,2011/05/04,2011/05/09,1242161468,3,2.401E+11,1,222,110.95
46966,99999999,2600100011,2011/05/05,2011/05/06,1242162201,3,2.402E+11,2,174.4,44.95
1033,99999999,9050100001,2011/05/06,2011/05/10,1242173926,3,2.30101E+11,3,355.8,59.4
41,120136,1600101527,2011/05/08,2011/05/08,1242185055,1,2.403E+11,1,19.9,8.9
70079,99999999,2600100039,2011/05/11,2011/05/14,1242214574,3,2.402E+11,2,29.4,6.65
171,120127,1600101555,2011/05/13,2011/05/13,1242229985,1,2.201E+11,2,189.4,47.45
70187,99999999,2600100035,2011/05/16,2011/05/21,1242259863,2,2.402E+11,2,706.2,196.15
10,121105,9260129395,2011/05/16,2011/05/16,1242265757,1,2.407E+11,3,79.8,13.75
27,99999999,9260105670,2011/06/05,2011/06/10,1242449327,3,2.401E+11,2,91.6,19.5
10,121071,9260129395,2011/06/06,2011/06/06,1242458099,1,2.301E+11,1,12.2,4.9
34,99999999,9260111379,2011/06/07,2011/06/13,1242467585,3,2.401E+11,2,403,86.1
34,99999999,9260111379,2011/06/07,2011/06/13,1242467585,3,2.401E+11,5,239.5,20.65
31,99999999,9260128428,2011/06/08,2011/06/12,1242477751,3,2.202E+11,2,120.4,27.4
31,99999999,9260128428,2011/06/08,2011/06/12,1242477751,3,2.202E+11,2,277.6,63.15
5,121056,9260114570,2011/06/10,2011/06/10,1242493791,1,2.202E+11,2,126.8,30.5
31,121067,9260128428,2011/06/11,2011/06/11,1242502670,1,2.30101E+11,2,16,3.5
31,121067,9260128428,2011/06/11,2011/06/11,1242502670,1,2.30101E+11,2,195,40.55
17023,99999999,2600100021,2011/06/13,2011/06/18,1242515373,3,2.402E+11,4,168,20.25
70165,99999999,2600100006,2011/06/15,2011/06/22,1242534503,3,2.402E+11,4,702,89.55
89,99999999,9260116551,2011/06/17,2011/06/21,1242557584,2,2.405E+11,2,134.6,28
171,120130,1600101555,2011/06/18,2011/06/18,1242559569,1,2.20101E+11,1,73.99,44.25
2806,99999999,8010100089,2011/06/18,2011/06/22,1242568696,2,2.401E+11,2,239,51.7
2806,99999999,8010100089,2011/06/18,2011/06/22,1242568696,2,2.401E+11,3,755.4,125.85
70100,99999999,2600100015,2011/06/20,2011/06/24,1242578860,2,2.402E+11,4,"1,937.20",247.7
12,121037,9260103713,2011/06/23,2011/06/23,1242610991,1,2.20101E+11,2,48.4,11.1
45,121109,9260104847,2011/06/27,2011/06/27,1242647539,1,2.407E+11,2,56,11.35
90,121037,9260111614,2011/06/28,2011/06/28,1242657273,1,2.201E+11,3,33.6,5.7
90,99999999,9260111614,2011/07/02,2011/07/04,1242691897,2,2.405E+11,2,110.2,24.05
10,121107,9260129395,2011/07/07,2011/07/07,1242736731,1,2.407E+11,3,80.7,10.3
24,99999999,9260115784,2011/07/11,2011/07/14,1242773202,3,2.406E+11,2,70.2,15.6
27,99999999,9260105670,2011/07/12,2011/07/17,1242782701,3,2.405E+11,3,403.5,56.05
10,121105,9260129395,2011/07/17,2011/07/17,1242827683,1,2.407E+11,1,21.99,7.25
10,121027,9260129395,2011/07/18,2011/07/18,1242836878,1,2.10201E+11,2,60.6,13.5
41,120195,1600101527,2011/07/19,2011/07/19,1242838815,1,2.10201E+11,1,39.4,17.8
41,120195,1600101527,2011/07/19,2011/07/19,1242838815,1,2.10201E+11,1,50.4,22.75
2806,99999999,8010100089,2011/07/19,2011/07/23,1242848557,2,2.401E+11,3,54.3,7.7
70165,99999999,2600100006,2011/07/28,2011/07/29,1242923327,3,2.402E+11,2,16.6,3.65
171,120124,1600101555,2011/07/30,2011/07/30,1242938120,1,2.401E+11,1,35.2,14.8
65,99999999,3940100176,2011/08/03,2011/08/07,1242977743,2,2.404E+11,2,351.4,75.95
2806,99999999,8010100089,2011/08/06,2011/08/10,1243012144,2,2.401E+11,2,25.8,5.45
2806,99999999,8010100089,2011/08/06,2011/08/10,1243012144,2,2.401E+11,2,219,54.7
10,120733,9260129395,2011/08/08,2011/08/08,1243026971,1,2.30101E+11,2,252.2,58.6
41,120143,1600101527,2011/08/10,2011/08/10,1243039354,1,2.30101E+11,1,17.6,7.75
53,99999999,1600103258,2011/08/11,2011/08/14,1243049938,3,2.201E+11,2,180.4,38.3
10,121032,9260129395,2011/08/17,2011/08/17,1243110343,1,2.10201E+11,2,134,28.9
10,121032,9260129395,2011/08/17,2011/08/17,1243110343,1,2.10201E+11,3,60.9,9.3
171,120159,1600101555,2011/08/20,2011/08/20,1243127549,1,2.404E+11,1,19.1,7.7
45,120734,9260104847,2011/08/22,2011/08/23,1243152030,1,2.301E+11,1,40.2,16.85
90,121089,9260111614,2011/08/22,2011/08/22,1243152039,1,2.405E+11,2,47.6,11.4
70201,99999999,2600100012,2011/08/24,2011/08/29,1243165497,3,2.402E+11,2,201.2,51.9
70201,99999999,2600100012,2011/08/24,2011/08/29,1243165497,3,2.402E+11,3,658.5,124.9
70201,99999999,2600100012,2011/08/24,2011/08/29,1243165497,3,2.402E+11,2,215.8,53.35
10,121061,9260129395,2011/08/27,2011/08/27,1243198099,1,2.202E+11,3,199.2,30.25
10,121061,9260129395,2011/08/27,2011/08/27,1243198099,1,2.202E+11,3,256.2,39.8
171,120141,1600101555,2011/08/31,2011/09/10,1243227745,1,2.30101E+11,2,6.4,1.35
928,99999999,9050100016,2011/09/04,2011/09/08,1243269405,2,2.30101E+11,1,86.3,41.4
27,99999999,9260105670,2011/09/05,2011/09/10,1243279343,3,2.405E+11,2,78.4,16.45
31,121057,9260128428,2011/09/06,2011/09/06,1243290080,1,2.202E+11,1,50.3,25.25
45,121065,9260104847,2011/09/06,2011/09/06,1243290089,1,2.30101E+11,1,78.2,39.2
5,121026,9260114570,2011/09/09,2011/09/09,1243315613,1,2.10201E+11,1,52.5,22.25
12,121051,9260103713,2011/09/18,2011/09/18,1243398628,1,2.402E+11,1,87.2,44.95
69,121029,9260116402,2011/09/20,2011/09/20,1243417726,1,2.10201E+11,1,23.5,9.2
24,99999999,9260115784,2011/09/25,2011/09/28,1243462945,3,2.406E+11,1,46.1,19.7
41,120195,1600101527,2011/09/26,2011/09/26,1243465031,1,2.10201E+11,2,134,28.9
11,99999999,3940108592,2011/09/28,2011/10/02,1243485097,3,2.202E+11,2,78.2,19.65
89,121024,9260116551,2011/10/01,2011/10/01,1243515588,1,2.401E+11,1,251.8,125.85
89,121024,9260116551,2011/10/01,2011/10/01,1243515588,1,2.401E+11,1,114.2,44.6
31,121060,9260128428,2011/10/07,2011/10/07,1243568955,1,2.202E+11,1,172.5,78.5
171,120138,1600101555,2011/10/16,2011/10/16,1243643970,1,2.202E+11,1,101.5,46.25
70079,99999999,2600100039,2011/10/16,2011/10/19,1243644877,3,2.402E+11,1,14.6,6.75
41,120124,1600101527,2011/10/18,2011/10/18,1243661763,1,2.401E+11,2,29.4,6.05
69,121065,9260116402,2011/10/18,2011/10/18,1243670182,1,2.30101E+11,1,3.2,1.35
31,121061,9260128428,2011/10/19,2011/10/19,1243680376,1,2.202E+11,1,63.5,29.95
10,121053,9260129395,2011/11/01,2011/11/01,1243797399,1,2.403E+11,2,"1,066.40",251.35
10,121053,9260129395,2011/11/01,2011/11/01,1243797399,1,2.403E+11,1,321.5,146.35
41,120128,1600101527,2011/11/02,2011/11/02,1243799681,1,2.201E+11,1,17,8.45
41,120128,1600101527,2011/11/02,2011/11/02,1243799681,1,2.20101E+11,3,222.3,35.3
10,120732,9260129395,2011/11/03,2011/11/03,1243815198,1,2.30101E+11,4,471.2,49.05
10,120732,9260129395,2011/11/03,2011/11/03,1243815198,1,2.30101E+11,1,35.5,17.25
171,120127,1600101555,2011/11/04,2011/11/04,1243817278,1,2.20101E+11,1,19,8.85
908,99999999,9050100023,2011/11/11,2011/11/15,1243887390,2,2.30101E+11,1,519.3,253.2
34,121068,9260111379,2011/11/18,2011/11/18,1243951648,1,2.30101E+11,1,86.3,41.4
90,121028,9260111614,2011/11/19,2011/11/19,1243960910,1,2.102E+11,2,69.4,15.5
215,120175,1600102721,2011/11/20,2011/11/20,1243963366,1,2.406E+11,2,60.8,9.2
171,120124,1600101555,2011/11/23,2011/11/23,1243991721,1,2.401E+11,1,29.9,14.3
70187,99999999,2600100035,2011/11/23,2011/11/28,1243992813,2,2.201E+11,1,8.2,4.15
2806,99999999,8010100089,2011/11/30,2011/12/04,1244066194,2,2.401E+11,1,31.4,13.9
2806,99999999,8010100089,2011/11/30,2011/12/04,1244066194,2,2.401E+11,3,144.6,20.75
14104,99999999,4750100001,2011/12/03,2011/12/06,1244086685,3,2.201E+11,2,80.4,20.2
14104,99999999,4750100001,2011/12/03,2011/12/06,1244086685,3,2.201E+11,2,114.2,28.65
45,121107,9260104847,2011/12/05,2011/12/05,1244107612,1,2.407E+11,5,118,12.3
45,121107,9260104847,2011/12/05,2011/12/05,1244107612,1,2.407E+11,2,126,31.6
45,121109,9260104847,2011/12/06,2011/12/06,1244117101,1,2.407E+11,2,45.7,9.3
45,121109,9260104847,2011/12/06,2011/12/06,1244117101,1,2.407E+11,2,19.98,11.4
49,121117,9260104510,2011/12/06,2011/12/06,1244117109,1,2.407E+11,2,24.8,5.6
31,121121,9260128428,2011/12/12,2011/12/12,1244171290,1,2.408E+11,3,760.8,105.3
10,121092,9260129395,2011/12/13,2011/12/13,1244181114,1,2.405E+11,3,95.1,14.5
10,121092,9260129395,2011/12/13,2011/12/13,1244181114,1,2.405E+11,2,48.2,11.5
89,121118,9260116551,2011/12/15,2011/12/15,1244197366,1,2.407E+11,4,75.2,10.3
5,121040,9260114570,2011/12/26,2011/12/26,1244296274,1,2.20101E+11,2,33.8,5.7
